spec,actualPrice,s26Price,wpPrice,deltaAbs,deltaPct,expert,tier,band,reason,flags
"20.13ct heart_standard D/VVS1 传统切 CVD",15827.82,11907.80806589453,128004.03293197972,116096.22,974.96,"S28","sparse","floor","s33a_weak_anchor_high_carat_n1","highCarat;sparse;weakAnchor;s28Fallback;largeDelta"
"40.11ct oval_modified D/VVS1  CVD",48914.29,23492.273796079942,38097.89896689527,14605.63,62.17,"S28","medium","floor","s33a_weak_anchor_high_carat_n9","highCarat;weakAnchor;s28Fallback;largeDelta"
"30.05ct emerald_standard D/VVS1  CVD",21831.35,7381.635644235883,21126.352,13744.72,186.2,"S30","dense","high","null","highCarat;largeDelta"
"30.88ct pear_ice_flower D/VVS2 冰花切 CVD",21224.82,13614.95867067106,24527.137056257387,10912.18,80.15,"S28","sparse","floor","s33a_weak_anchor_high_carat_n3","highCarat;sparse;weakAnchor;s28Fallback;largeDelta"
"33.2ct pear_ice_flower D/VVS1 冰花切 CVD",30321.35,24435.836236988238,35291.181728934505,10855.35,44.42,"S33A","medium","medium","null","highCarat;largeDelta"
"32.73ct pear_ice_flower D/VVS1 冰花切 CVD",30321.35,24089.90723001882,34446.31688370454,10356.41,42.99,"S33A","medium","medium","null","highCarat;largeDelta"
"25.13ct oval_ice_flower D/VVS1 冰花切 CVD",15766.94,8933.96481141706,15240.091635501514,6306.13,70.59,"S30","dense","high","null","highCarat;largeDelta"
"30.31ct oval_modified D/VVS1  CVD",30321.35,17752.451228102294,23666.22505195113,5913.77,33.31,"S28","medium","floor","s33a_weak_anchor_high_carat_n9","highCarat;weakAnchor;s28Fallback;largeDelta"
"20.51ct radiant_modified D/VVS1  CVD",10879.41,4592.128676470589,9711.044981232311,5118.92,111.47,"S28","medium","floor","s33a_weak_anchor_high_carat_n4","highCarat;weakAnchor;s28Fallback;largeDelta"
"10.09ct pear_ice_flower D/VVS1 冰花切 CVD",3502.06,7426.433362385883,3581.30076676975,-3845.13,-51.78,"S30","dense","high","null","highCarat;largeDelta"
"10.03ct pear_ice_flower D/VVS1 冰花切 CVD",4366.24,7382.272212559999,3566.782696309749,-3815.49,-51.68,"S30","dense","high","null","highCarat;largeDelta"
"25.85ct emerald_standard D/VVS1  CVD",9945.35,6349.92616983353,9828.131665871748,3478.21,54.78,"S30","dense","high","null","highCarat;largeDelta"
"20.23ct emerald_standard D/VVS1  CVD",8241.35,4969.400635038,7719.852422322308,2750.45,55.35,"S30","dense","high","null","highCarat;largeDelta"
"15.21ct round_standard E/VVS2 ID CVD",6876.88,5426.561030208883,7469.668349580253,2043.11,37.65,"S28","medium","floor","s33a_weak_anchor_high_carat_n3","highCarat;weakAnchor;s28Fallback;largeDelta"
"7.66ct cushion_elongated E/VVS2  CVD",2547,2575.9158191352944,1561.7433366447194,-1014.17,-39.37,"S28","medium","floor","s33a_weak_anchor_high_carat_n6","highCarat;weakAnchor;s28Fallback;largeDelta"
"8.29ct cushion_elongated E/VS1 - CVD",1379.29,1298.1281823588822,2305.460019052083,1007.33,77.6,"S30","medium","high","null","highCarat;sparse;largeDelta"
"6.08ct flower_modified D/VVS1  CVD",2547,2050.922416922353,2949.1573163609833,898.23,43.8,"S30","dense","high","null","highCarat;sparse;largeDelta"
"8.07ct round_standard E/VVS2 ID CVD",1818.35,1025.8441118276473,1858.256099607075,832.41,81.14,"S30","dense","high","null","highCarat;largeDelta"
"8.01ct round_standard E/VVS2 EX CVD",1818.35,1015.8966127032353,1819.999338634575,804.1,79.15,"S30","dense","high","null","highCarat;largeDelta"
"8.03ct round_standard E/VS1 EX CVD",1801.06,1027.1917167968825,1825.957482237281,798.77,77.76,"S30","dense","high","null","highCarat;largeDelta"
"8.01ct round_standard E/VS1 EX CVD",1801.06,1024.6333314499411,1815.1772447072813,790.54,77.15,"S30","dense","high","null","highCarat;largeDelta"
"15.69ct emerald_standard E/VVS1  CVD",4457.29,3445.7950275832945,4202.767857018902,756.97,21.97,"S28","sparse","floor","s33a_weak_anchor_high_carat_n1","highCarat;sparse;weakAnchor;s28Fallback;largeDelta"
"3.08ct flower_modified D/VVS2  CVD",1237.06,555.5684997124706,1254.3428128,698.77,125.78,"S30","dense","high","null","largeDelta"
"3.08ct flower_modified D/VVS2  CVD",1237.06,555.5684997124706,1254.3428128,698.77,125.78,"S30","dense","high","null","largeDelta"
"3.08ct flower_modified D/VVS2  CVD",1087.94,555.5684997124706,1254.3428128,698.77,125.78,"S30","dense","high","null","largeDelta"
"8.06ct round_standard F/VVS2 ID CVD",1710.18,993.6597393289412,1689.1544698730966,695.49,69.99,"S30","dense","high","null","highCarat;largeDelta"
"8.07ct cushion_elongated D/VVS1 长垫形 CVD",2728.94,2720.500829664353,2028.068548434702,-692.43,-25.45,"S28","medium","floor","s33a_weak_anchor_high_carat_n5","highCarat;weakAnchor;s28Fallback;largeDelta"
"3.09ct flower_modified D/VVS2  CVD",1237.06,557.3722935427058,1247.5694853,690.2,123.83,"S30","dense","high","null","largeDelta"
"3.09ct flower_modified D/VVS2  CVD",1237.06,557.3722935427058,1247.5694853,690.2,123.83,"S30","dense","high","null","largeDelta"
"3.02ct flower_modified D/VVS2  CVD",1237.06,544.7457367310589,1232.9754,688.23,126.34,"S30","dense","high","null","largeDelta"
"3.12ct flower_modified D/VVS2  CVD",1237.06,562.7836750334119,1245.3297948,682.55,121.28,"S30","dense","high","null","largeDelta"
"3.25ct flower_modified D/VVS2  CVD",1237.06,586.2329948264705,1258.22302734375,671.99,114.63,"S30","dense","high","null","largeDelta"
"7.07ct oval_standard D/VS1  CVD",1814.12,1163.14506679,1827.0294000000001,663.88,57.08,"S30","dense","medium","s30_bounded_extrapolation","highCarat;largeDelta"
"6.03ct pear_ice_flower D/VVS2 冰花切 CVD",1619.12,1698.7723893624707,2350.2077168255996,651.44,38.35,"S30","dense","high","null","highCarat;largeDelta"
"3.03ct flower_modified E/VVS2  CVD",1091.65,346.4041430553529,993.9303924415917,647.53,186.93,"S33A","medium","medium","null","largeDelta"
"3.02ct flower_modified E/VVS2  CVD",1091.65,345.2608950584706,990.5845986827884,645.32,186.91,"S33A","medium","medium","null","largeDelta"
"3.5ct flower_modified D/VVS2  CVD",1109.82,631.327840582353,1247.9794444444447,616.65,97.68,"S30","dense","high","null","largeDelta"
"3.06ct flower_modified D/VS1  CVD",1036.94,467.38609271999997,1080.8405425243948,613.45,131.25,"S33A","medium","medium","null","largeDelta"
"3.03ct flower_modified D/VS1  CVD",1091.65,462.8038761247058,1070.0332001165614,607.23,131.21,"S33A","medium","medium","null","largeDelta"
"9.01ct oval_standard E/VVS2  CVD",1711.76,1196.4356435779998,1714.61466754455,518.18,43.31,"S30","dense","high","null","highCarat;largeDelta"
"9.07ct oval_standard E/VVS2  CVD",1676.47,1204.4030285518825,1720.76752507455,516.36,42.87,"S30","dense","high","null","highCarat;largeDelta"
"6.52ct oval_standard D/VS1  CVD",1341.18,1072.6599484399999,1565.5262925312,492.87,45.95,"S30","dense","high","null","highCarat;largeDelta"
"7.27ct cushion_elongated E/VS1  CVD",1323.53,1138.4067413448824,1626.3587744471547,487.95,42.86,"S30","medium","high","null","highCarat;sparse;largeDelta"
"10.22ct oval_modified E/VVS2  CVD",2637.88,2092.7953903005887,2579.799285757367,487,23.27,"S28","medium","floor","s33a_weak_anchor_high_carat_n5","highCarat;weakAnchor;s28Fallback;largeDelta"
"6.16ct pear_standard D/VVS2 传统切 CVD",2001.18,1782.8823529440003,1303.3450643275532,-479.54,-26.9,"S28","medium","floor","s33a_weak_anchor_high_carat_n5","highCarat;weakAnchor;s28Fallback;largeDelta"
"2.24ct flower_modified D/VVS2  CVD",727.76,313.285338016,786.2545152000001,472.97,150.97,"S30","dense","high","null","largeDelta"
"2.05ct flower_modified D/VVS2  CVD",727.76,286.712028095,725.0414374999999,438.33,152.88,"S30","dense","high","null","largeDelta"
"2.06ct flower_modified D/VVS2  CVD",727.76,288.110623354,725.9645999999998,437.85,151.97,"S30","dense","high","null","largeDelta"
"2.06ct flower_modified D/VVS2  CVD",636.71,288.110623354,725.9645999999998,437.85,151.97,"S30","dense","high","null","largeDelta"
"2.25ct heart_standard D/VVS2 传统切 CVD",527.47,744.1528285985295,307.53000000000003,-436.62,-58.67,"S30","dense","high","null","largeDelta"
"2.09ct flower_modified D/VVS2  CVD",727.76,292.306409131,728.5818374999997,436.28,149.25,"S30","dense","high","null","largeDelta"
"2.09ct flower_modified D/VVS2  CVD",727.76,292.306409131,728.5818374999997,436.28,149.25,"S30","dense","high","null","largeDelta"
"2.09ct flower_modified D/VVS2  CVD",727.76,292.306409131,728.5818374999997,436.28,149.25,"S30","dense","high","null","largeDelta"
"2.03ct flower_modified D/VVS2  CVD",727.76,283.91483757699996,719.9217374999998,436.01,153.57,"S30","dense","high","null","largeDelta"
"2.03ct flower_modified D/VVS2  CVD",636.71,283.91483757699996,719.9217374999998,436.01,153.57,"S30","dense","high","null","largeDelta"
"10.46ct pear_standard E/VS1 - CVD",1891.06,1907.4710987482354,2342.735306165099,435.26,22.82,"S28","medium","floor","s33a_weak_anchor_high_carat_n4","highCarat;weakAnchor;s28Fallback;largeDelta"
"2.02ct heart_standard D/VVS2 传统切 CVD",527.47,668.0838727862354,241.3496,-426.73,-63.87,"S30","dense","high","null","largeDelta"
"10.03ct pear_standard E/VVS2 - CVD",1938.53,1925.094059389,2343.1604653000263,418.07,21.72,"S28","medium","floor","s33a_weak_anchor_high_carat_n5","highCarat;weakAnchor;s28Fallback;largeDelta"
"6.31ct oval_standard D/VVS2 传统切 CVD",1546.24,1579.8705611404705,1176.1075371088457,-403.76,-25.56,"S28","medium","floor","s33a_weak_anchor_high_carat_n6","highCarat;weakAnchor;s28Fallback;largeDelta"
"6.51ct oval_standard D/VVS2 传统切 CVD",1664.65,1629.9456977851764,1232.5976893888708,-397.35,-24.38,"S28","medium","floor","s33a_weak_anchor_high_carat_n6","highCarat;weakAnchor;s28Fallback;largeDelta"
"7.03ct oval_standard E/VVS2  CVD",1338.18,933.5119394398823,1328.2074350687,394.7,42.28,"S30","dense","high","null","highCarat;largeDelta"
"7.03ct oval_standard E/VVS2  CVD",1296.18,933.5119394398823,1328.2074350687,394.7,42.28,"S30","dense","high","null","highCarat;largeDelta"
"7.01ct oval_standard E/VVS2  CVD",1296.18,930.8561444485882,1325.2723623426998,394.42,42.37,"S30","dense","high","null","highCarat;largeDelta"
"10.06ct oval_modified F/VVS2  CVD",2365.06,1887.352941178,2270.561404278657,383.21,20.3,"S28","sparse","floor","s33a_weak_anchor_high_carat_n1","highCarat;sparse;weakAnchor;s28Fallback;largeDelta"
"3.08ct flower_modified D/VVS1  CVD",1346.29,977.3293903042353,1340.3201504000003,362.99,37.14,"S30","dense","medium","null","largeDelta"
"8.03ct oval_standard E/VVS2  CVD",1428.53,1066.3016890045883,1427.4484352127997,361.15,33.87,"S30","dense","high","null","highCarat;largeDelta"
"8.03ct oval_standard E/VVS2  CVD",1428.53,1066.3016890045883,1427.4484352127997,361.15,33.87,"S30","dense","high","null","highCarat;largeDelta"
"5.05ct heart_modified D/VVS2  CVD",1692,1240.4400000114706,1600.1567032186324,359.72,29,"S30","dense","high","null","highCarat;sparse;largeDelta"
"8.07ct oval_standard E/VVS2 - CVD",1471.89,1071.6132789871765,1430.1946121088001,358.58,33.46,"S30","dense","high","null","highCarat;largeDelta"
"8.08ct oval_standard E/VVS2  CVD",1473.71,1072.9411764828235,1431.2126184448002,358.27,33.39,"S30","dense","high","null","highCarat;largeDelta"
"8.08ct oval_standard E/VVS2  CVD",1429.41,1072.9411764828235,1431.2126184448002,358.27,33.39,"S30","dense","high","null","highCarat;largeDelta"
"8.09ct oval_standard E/VVS2  CVD",1471.76,1074.2690739784707,1432.3676003967998,358.1,33.33,"S30","dense","high","null","highCarat;largeDelta"
"8.09ct oval_standard E/VVS2  CVD",1471.76,1074.2690739784707,1432.3676003967998,358.1,33.33,"S30","dense","high","null","highCarat;largeDelta"
"8.1ct oval_standard E/VVS2  CVD",1471.24,1075.5969714741177,1433.6617679999997,358.06,33.29,"S30","dense","high","null","highCarat;largeDelta"
"10.2ct marquise_standard E/VS1  CVD",1630.59,1630.58823528,1982.650465554467,352.06,21.59,"S28","medium","floor","s33a_weak_anchor_high_carat_n4","highCarat;weakAnchor;s28Fallback;largeDelta"
"6.02ct asscher_standard D/VVS2  CVD",1637.29,1268.5125218327057,1617.6279045247998,349.12,27.52,"S30","dense","high","null","highCarat;largeDelta"
"6.07ct cushion_elongated E/VVS1 长垫形 CVD",1637.29,1642.7246122365882,1296.8671310255181,-345.86,-21.05,"S28","medium","floor","s33a_weak_anchor_high_carat_n4","highCarat;weakAnchor;s28Fallback;largeDelta"
"8.09ct square_cushion_modified G/VS2 - CVD",1471.76,1471.7647058654707,1135.215417010245,-336.55,-22.87,"S28","sparse","floor","s33a_weak_anchor_high_carat_n1","highCarat;sparse;weakAnchor;s28Fallback;largeDelta"
"5.35ct cushion_elongated E/VVS1 长垫形 CVD",1255.24,1447.8709514770587,1112.3078667470727,-335.56,-23.18,"S28","medium","floor","s33a_weak_anchor_high_carat_n4","highCarat;weakAnchor;s28Fallback;largeDelta"
"6.04ct pear_standard E/VVS2 传统切 CVD",1619.12,1575.6984010545882,1243.0924,-332.61,-21.11,"S30","dense","high","null","highCarat;largeDelta"
"2.05ct flower_modified D/VVS1  CVD",673.06,498.41147349647053,829.4530625,331.04,66.42,"S30","dense","high","null","largeDelta"
"4.02ct heart_standard D/VVS2  CVD",954.35,954.3529411711764,1280.3529551999993,326,34.16,"S30","dense","medium","null","sparse;largeDelta"
"2.08ct flower_modified D/VVS1  CVD",818.65,505.7052999378824,824.8078592,319.1,63.1,"S30","dense","high","null","largeDelta"
"8.01ct oval_standard F/VVS2  CVD",1374.71,1054.1051339167059,1371.4491055679998,317.34,30.11,"S30","dense","high","null","highCarat;largeDelta"
"2.11ct flower_modified D/VVS1  CVD",818.65,512.9991263792941,829.9615791999998,316.96,61.79,"S30","dense","high","null","largeDelta"
"2.09ct flower_modified D/VVS1  CVD",873.18,508.136575418353,824.5792577000001,316.44,62.28,"S30","dense","high","null","largeDelta"
"8.21ct cushion_elongated E/VVS2 - CVD",1429.41,1391.5305078421177,1699.119553553408,307.59,22.1,"S28","medium","floor","s33a_weak_anchor_high_carat_n6","highCarat;weakAnchor;s28Fallback;largeDelta"
"2.09ct flower_modified E/VVS2  CVD",727.76,257.5422740297647,556.6852530192687,299.14,116.15,"S33A","medium","low","s33a_weak_anchor_n4","weakAnchor;largeDelta"
"2.06ct flower_modified E/VVS2  CVD",545.82,253.8454949767059,548.5359170838608,294.69,116.09,"S33A","medium","low","s33a_weak_anchor_n4","weakAnchor;largeDelta"
"5ct pear_standard E/VS1 - CVD",678.51,965.8816249411766,677.5999999999998,-288.28,-29.85,"S30","dense","high","null","highCarat;largeDelta"
"5ct pear_standard E/VS1 - CVD",678.51,965.8816249411766,677.5999999999998,-288.28,-29.85,"S30","dense","high","null","highCarat;largeDelta"
"5ct pear_standard E/VS1 - CVD",678.18,965.8816249411766,677.5999999999998,-288.28,-29.85,"S30","dense","high","null","highCarat;largeDelta"
"5.01ct pear_standard E/VS1 - CVD",678.51,967.813388191059,680.5837385259,-287.23,-29.68,"S30","dense","high","null","highCarat;largeDelta"
"5.01ct pear_standard E/VS1 - CVD",678.18,967.813388191059,680.5837385259,-287.23,-29.68,"S30","dense","high","null","highCarat;largeDelta"
"5.02ct pear_standard F/VS1 - CVD",650.14,933.5158564142353,651.9459590591998,-281.57,-30.16,"S30","dense","high","null","highCarat;largeDelta"
"5.02ct pear_standard F/VS1 - CVD",650.14,933.5158564142353,651.9459590591998,-281.57,-30.16,"S30","dense","high","null","highCarat;largeDelta"
"7.05ct princess_standard E/VVS2 - CVD",1498.24,1245.300618977647,1520.618448,275.32,22.11,"S30","dense","high","null","highCarat;princess;largeDelta"
"6.06ct emerald_standard D/VVS2  CVD",1437.18,1175.6547398092941,1448.3340571742208,272.68,23.19,"S30","dense","high","null","highCarat;largeDelta"
"7.05ct round_standard E/VVS2 ID CVD",1121.47,896.1835177676471,1165.194108,269.01,30.02,"S30","dense","high","null","highCarat;largeDelta"
"7.02ct round_standard E/VVS2 EX CVD",1157.29,890.336357200588,1159.3307202048,268.99,30.21,"S30","dense","high","null","highCarat;largeDelta"
"7.06ct round_standard E/VVS2 ID CVD",1121.47,897.4547000623529,1165.4254085888,267.97,29.86,"S30","dense","high","null","highCarat;largeDelta"
"5.09ct pear_standard E/VVS2 - CVD",725.44,978.392466328,710.5916602816001,-267.8,-27.37,"S30","dense","high","null","highCarat;largeDelta"
"5.08ct pear_standard E/VVS2 - CVD",725.29,976.470280736,711.2976107776002,-265.17,-27.16,"S30","dense","high","null","highCarat;largeDelta"
"5.09ct princess_standard E/VS1  CVD",680.65,978.7512668054707,715.7073399423999,-263.04,-26.88,"S30","dense","high","null","highCarat;princess;largeDelta"
"7.09ct round_standard E/VVS2 ID CVD",1157.29,901.2682469464706,1162.6859599808001,261.42,29.01,"S30","dense","high","null","highCarat;largeDelta"
"5.1ct princess_standard E/VS1 - CVD",681.05,980.67415731,720.8703573333331,-259.8,-26.49,"S30","dense","high","null","highCarat;princess;largeDelta"
"5.06ct pear_standard E/VVS2  CVD",702.35,972.6259095519998,712.8994782976001,-259.73,-26.7,"S30","dense","high","null","highCarat;largeDelta"
"6.03ct asscher_standard E/VVS2  CVD",1455.35,1183.3935533751178,1441.7732114721002,258.38,21.83,"S30","dense","high","null","highCarat;largeDelta"
"6.04ct asscher_standard E/VVS2  CVD",1046.12,1185.3560634138823,1443.3422352896,257.99,21.76,"S30","dense","high","null","highCarat;largeDelta"
"7.02ct round_standard E/VS1 ID CVD",1154.98,889.2770823529411,1147.0320121103998,257.75,28.98,"S30","dense","high","null","highCarat;largeDelta"
"5.05ct pear_standard E/VVS2  CVD",724.76,970.7037239599998,713.6979160000002,-257.01,-26.48,"S30","dense","high","null","highCarat;largeDelta"
"7.01ct round_standard E/VS1 ID CVD",1154.98,888.010305882353,1142.0371095519,254.03,28.61,"S30","dense","high","null","highCarat;largeDelta"
"8.08ct radiant_modified F/VVS2  CVD",1397.29,1139.583140354353,1391.9947806208,252.41,22.15,"S30","dense","high","null","highCarat;largeDelta"
"5.02ct pear_standard E/VVS2 - CVD",725.44,964.9371671839999,715.5064055296001,-249.43,-25.85,"S30","dense","high","null","highCarat;largeDelta"
"6.15ct asscher_standard E/VVS2  CVD",1046.12,1206.9436738402942,1451.9414075625,245,20.3,"S30","dense","high","null","highCarat;largeDelta"
"7.18ct round_standard E/VVS2 ID CVD",1157.29,912.7088875988236,1153.2599356928001,240.55,26.36,"S30","dense","high","null","highCarat;largeDelta"
"5.27ct pear_standard E/VS1 - CVD",678.18,1018.039232688,792.7380529018998,-225.3,-22.13,"S30","dense","high","null","highCarat;largeDelta"
"1.56ct flower_modified D/VVS2 - CVD",363.88,179.66563467105885,400.3779936,220.71,122.85,"S30","dense","medium","null","sparse;largeDelta"
"6.08ct oval_standard E/VVS2  CVD",997.94,807.3616773534118,1009.7991716864,202.44,25.07,"S30","dense","high","null","highCarat;largeDelta"
"6.09ct oval_standard E/VVS2  CVD",997.94,808.6895748490588,1010.4109943424,201.72,24.94,"S30","dense","high","null","highCarat;largeDelta"
"5.06ct princess_standard E/VVS2 - CVD",681.42,893.7902314931764,692.7193455863999,-201.07,-22.5,"S30","dense","high","null","highCarat;princess;largeDelta"
"5.03ct oval_standard E/VS1  CVD",643.76,854.8747791758235,658.2728483062001,-196.6,-23,"S30","dense","high","null","highCarat;largeDelta"
"5.03ct oval_standard E/VS1  CVD",631.76,854.8747791758235,658.2728483062001,-196.6,-23,"S30","dense","high","null","highCarat;largeDelta"
"6.01ct oval_standard E/VVS2 - CVD",996.88,798.0663948838824,992.1881344383997,194.12,24.32,"S30","dense","high","null","highCarat;largeDelta"
"5.08ct oval_standard E/VS1 - CVD",663.58,863.3725404002353,669.7511534592002,-193.62,-22.43,"S30","dense","high","null","highCarat;largeDelta"
"5.09ct oval_standard E/VS1 - CVD",663.58,865.0720926451177,672.1582732521999,-192.91,-22.3,"S30","dense","high","null","highCarat;largeDelta"
"5.1ct oval_standard E/VS1 - CVD",663.58,866.7716448899998,674.6013269999999,-192.17,-22.17,"S30","dense","high","null","highCarat;largeDelta"
"6ct oval_standard E/VVS2 - CVD",996.86,796.7384973882354,987,190.26,23.88,"S30","dense","high","null","highCarat;largeDelta"
"1.56ct heart_standard E/VVS2 传统切 CVD",400.24,396.4594894581177,210.52777050763808,-185.93,-46.9,"S33A","medium","medium","null","largeDelta"
"3.6ct pear_standard E/VVS2  CVD",564,456.98823529411766,640.6357500000001,183.65,40.19,"S30","dense","high","null","largeDelta"
"5.14ct princess_standard E/VVS2 - CVD",680.12,907.9213023468234,724.3430684343999,-183.58,-20.22,"S30","dense","high","null","highCarat;princess;largeDelta"
"3.8ct heart_standard E/VVS2 - CVD",636.67,422.7527127305882,605.7444179687501,182.99,43.29,"S30","dense","high","null","largeDelta"
"4.13ct heart_standard D/VS1  CVD",795.35,795.3529411680589,615.9199246364499,-179.43,-22.56,"S30","dense","medium","null","sparse;largeDelta"
"3.77ct heart_standard E/VS1 - CVD",582.09,407.8143876628824,580.2801766577504,172.47,42.29,"S30","dense","high","null","largeDelta"
"3.05ct round_standard E/VS1 EX CVD",509.47,503.308985582647,331.6875,-171.62,-34.1,"S30","dense","high","null","largeDelta"
"3.05ct round_standard E/VS1 EX CVD",509.47,503.308985582647,331.6875,-171.62,-34.1,"S30","dense","high","null","largeDelta"
"3.01ct round_standard E/VS1 EX CVD",327.53,496.70821200123527,327.3375,-169.37,-34.1,"S30","dense","high","null","largeDelta"
"3.22ct square_cushion_modified E/VS1 - CVD",585.88,585.8823529481176,425.2799233220004,-160.6,-27.41,"S30","dense","medium","null","largeDelta"
"2.06ct flower_modified E/VVS1  CVD",600.35,433.98481682352946,585.8426359434324,151.86,34.99,"S33A","medium","low","s33a_weak_anchor_n7","weakAnchor;largeDelta"
"3.52ct round_standard E/VVS2 ID CVD",526.76,384.6357615811765,530.4028686,145.77,37.9,"S30","dense","high","null","largeDelta"
"2.06ct round_standard D/VVS2 ID HPHT",409.41,415.4621848774118,283.4737984,-131.99,-31.77,"S30","dense","high","null","largeDelta"
"3.59ct emerald_standard D/VS1 - CVD",545.72,454.28031449952937,585.5455820663999,131.27,28.9,"S30","dense","high","null","largeDelta"
"2.05ct round_standard D/VVS2 ID HPHT",282.35,413.4453781547059,282.88334375,-130.56,-31.58,"S30","dense","high","null","largeDelta"
"2.05ct round_standard D/VVS2 ID HPHT",282.35,413.4453781547059,282.88334375,-130.56,-31.58,"S30","dense","high","null","largeDelta"
"2.04ct round_standard D/VVS2 ID HPHT",409.41,411.42857143200007,282.36325439999996,-129.07,-31.37,"S30","dense","high","null","largeDelta"
"2.03ct round_standard D/VVS2 ID HPHT",409.41,409.4117647092941,281.70818514999996,-127.7,-31.19,"S30","dense","high","null","largeDelta"
"2.03ct round_standard D/VVS2 ID HPHT",279.71,409.4117647092941,281.70818514999996,-127.7,-31.19,"S30","dense","high","null","largeDelta"
"3.57ct marquise_standard E/VS1  CVD",600,470.171287131,597.3478788059999,127.18,27.05,"S30","dense","high","null","largeDelta"
"3.03ct asscher_standard E/VVS2 - CVD",455.65,442.05960485911754,564.6973124999998,122.64,27.74,"S30","dense","high","null","largeDelta"
"2.33ct pear_standard D/VS1 传统切 CVD",434.82,434.82352940611764,319.50120704062505,-115.32,-26.52,"S30","dense","high","null","largeDelta"
"3ct asscher_standard D/VVS2  CVD",485.65,485.6470588235294,598.4099999999999,112.76,23.22,"S30","dense","high","null","largeDelta"
"3.02ct asscher_standard D/VVS2 - CVD",485.65,488.88470588235293,601.3694592,112.48,23.01,"S30","dense","high","null","largeDelta"
"1.03ct heart_standard D/VS1 传统切 HPHT",245.65,248.0553633242941,139.66255885242285,-108.39,-43.7,"S33A","dense","medium","null","largeDelta"
"3.53ct oval_standard E/VVS2 - CVD",563.17,448.5176470588235,554.8251907499999,106.31,23.7,"S30","dense","high","null","largeDelta"
"3.53ct oval_standard E/VVS2  CVD",546.18,448.5176470588235,554.8251907499999,106.31,23.7,"S30","dense","high","null","largeDelta"
"3.52ct oval_standard E/VVS2  CVD",546.18,447.2470588235294,553.1018240000001,105.85,23.67,"S30","dense","high","null","largeDelta"
"1ct oval_standard D/VVS1 传统切 HPHT",232.94,232.94117647058823,131.95,-100.99,-43.35,"S30","dense","high","null","largeDelta"
"1ct oval_standard D/VVS1 传统切 HPHT",232.94,232.94117647058823,131.95,-100.99,-43.35,"S30","dense","high","null","largeDelta"
"1ct oval_standard D/VVS1 传统切 HPHT",232.94,232.94117647058823,131.95,-100.99,-43.35,"S30","dense","high","null","largeDelta"
"2.65ct marquise_standard E/VVS2 - CVD",418.36,330.8428446002941,430.42459375,99.58,30.1,"S30","dense","high","null","largeDelta"
"2.06ct asscher_standard D/VS1  CVD",391.06,386.4254251407059,289.56381760000005,-96.86,-25.07,"S30","dense","medium","null","largeDelta"
"3.52ct round_standard E/VS1 ID CVD",476.12,383.0244283670588,478.688397,95.66,24.98,"S30","dense","high","null","largeDelta"
"3.52ct round_standard E/VS1 ID CVD",476.12,383.0244283670588,478.688397,95.66,24.98,"S30","dense","high","null","largeDelta"
"2.69ct marquise_standard E/VVS2 - CVD",418.36,335.83669885841175,430.44410255000014,94.61,28.17,"S30","dense","high","null","largeDelta"
"3.5ct round_standard E/VS1 ID CVD",491.14,380.84815320588234,474.7749999999999,93.93,24.66,"S30","dense","high","null","largeDelta"
"3.5ct round_standard E/VS1 ID CVD",491.14,380.84815320588234,474.7749999999999,93.93,24.66,"S30","dense","high","null","largeDelta"
"3.5ct round_standard E/VS1 ID CVD",476.12,380.84815320588234,474.7749999999999,93.93,24.66,"S30","dense","high","null","largeDelta"
"2.01ct asscher_standard D/VS1  CVD",400.24,377.0461672489412,284.7497856,-92.3,-24.48,"S30","dense","medium","null","largeDelta"
"2.51ct square_cushion_modified D/VVS2  CVD",446.12,360.1111764705882,451.83040864999987,91.72,25.47,"S30","dense","high","null","largeDelta"
"2ct asscher_standard D/VS1 - CVD",287.74,375.17031567058825,283.48,-91.69,-24.44,"S30","dense","medium","null","largeDelta"
"2.03ct asscher_standard D/VVS2  CVD",427.41,393.0845411619411,301.61461890000004,-91.47,-23.27,"S30","dense","medium","null","largeDelta"
"2.63ct emerald_standard F/VVS2  CVD",365.65,290.0735294117647,379.418872365625,89.35,30.8,"S30","dense","high","null","largeDelta"
"1.06ct oval_standard D/VVS2 传统切 HPHT",212.47,213.4823529408235,124.5989296,-88.88,-41.64,"S30","dense","high","null","largeDelta"
"1.52ct radiant_modified D/VS1 - CVD",221.29,221.2941176470588,134.4896,-86.8,-39.23,"S30","dense","high","null","largeDelta"
"1.04ct oval_standard D/VVS2 传统切 HPHT",212.47,209.45438401741177,123.00479360000001,-86.45,-41.27,"S30","dense","high","null","largeDelta"
"1.69ct marquise_standard F/VVS2  CVD",303,316.683870971,232.28204879278846,-84.4,-26.65,"S30","dense","medium","null","sparse;largeDelta"
"2.13ct asscher_standard E/VVS2  CVD",394.76,356.29187437729405,272.7412815,-83.55,-23.45,"S30","dense","high","null","largeDelta"
"2.06ct asscher_standard E/VS1  CVD",260.82,260.8235294158823,342.95802879999997,82.13,31.49,"S30","dense","high","null","largeDelta"
"2.52ct square_cushion_modified E/VS1  CVD",384.88,310.409130809647,392.1736896000001,81.76,26.34,"S30","dense","high","null","largeDelta"
"2.89ct round_standard D/VS1 ID CVD",370.59,361.08000000000004,441.51574735,80.44,22.28,"S30","dense","high","null","largeDelta"
"2.52ct oval_standard D/VVS2 - CVD",407.29,335.6312554905883,414.66519360000007,79.03,23.55,"S30","dense","high","null","largeDelta"
"2.51ct square_cushion_modified E/VS1  CVD",384.88,309.17734854452937,388.20446884999984,79.03,25.56,"S30","dense","high","null","largeDelta"
"2.11ct asscher_standard E/VS1 - CVD",268.76,267.1541976055882,345.67422094999995,78.52,29.39,"S30","dense","high","null","largeDelta"
"2.09ct asscher_standard E/VVS2  CVD",394.76,349.60094715894115,272.5188515499999,-77.08,-22.05,"S30","dense","high","null","largeDelta"
"2.51ct oval_standard D/VVS2 - CVD",407.29,334.29938542911765,410.9186510999999,76.62,22.92,"S30","dense","high","null","largeDelta"
"2.5ct square_cushion_modified E/VS1 - CVD",385.06,307.94556627941176,383.3499999999999,75.4,24.49,"S30","dense","high","null","largeDelta"
"2.5ct square_cushion_modified E/VS1 - CVD",384.88,307.94556627941176,383.3499999999999,75.4,24.49,"S30","dense","high","null","largeDelta"
"2.65ct marquise_standard E/VS1 - CVD",395.82,324.4822364564706,397.3178125,72.84,22.45,"S30","dense","high","null","largeDelta"
"2.5ct oval_standard D/VVS2  CVD",395.12,332.9675153676471,405.67500000000007,72.71,21.84,"S30","dense","high","null","largeDelta"
"2.05ct asscher_standard E/VVS2  CVD",394.76,342.9100199405882,274.04271875,-68.87,-20.08,"S30","dense","high","null","largeDelta"
"1.62ct asscher_standard D/VVS2  CVD",179.12,246.61431742870587,178.0923672,-68.52,-27.79,"S30","dense","medium","null","largeDelta"
"1.5ct round_standard E/VVS1 EX CVD",318.35,318.3529411764706,250.10761062383312,-68.25,-21.44,"S33A","medium","medium","null","largeDelta"
"1.46ct radiant_modified E/VS1 - CVD",199.24,199.2352941177647,131.38832,-67.85,-34.05,"S30","dense","high","null","largeDelta"
"1.6ct emerald_standard D/VVS1  CVD",240.18,306.1719457035294,243.216,-62.96,-20.56,"S30","dense","medium","null","largeDelta"
"1.3ct oval_standard D/VVS1  HPHT",183.53,170.4844290652941,222.04192592592594,51.56,30.24,"S30","dense","high","null","largeDelta"
"1.62ct round_standard E/VS1 ID CVD",257.29,226.6900452444706,176.175,-50.52,-22.28,"S30","dense","high","null","largeDelta"
"1.58ct emerald_standard F/VVS2  CVD",158.82,158.82352941235297,206.83919040000004,48.02,30.23,"S30","dense","medium","null","largeDelta"
"1.57ct round_standard E/VS1 ID CVD",218.29,219.6934389097647,173.91861045000002,-45.77,-20.84,"S30","dense","high","null","largeDelta"
"1.56ct round_standard E/VS1 ID CVD",218.29,218.29411764282352,174.26248320000002,-44.03,-20.17,"S30","dense","high","null","largeDelta"
"1.05ct radiant_modified E/VS1 - CVD",130.24,104.62752581647058,137.98575,33.36,31.88,"S30","dense","high","null","largeDelta"
"1.05ct radiant_modified E/VS1 - CVD",130.24,104.62752581647058,137.98575,33.36,31.88,"S30","dense","high","null","largeDelta"
"1.02ct princess_standard D/VVS1 - HPHT",139.46,139.464705882,171.6203875926634,32.16,23.06,"S33A","dense","medium","null","princess;largeDelta"
"1.53ct asscher_standard D/VS1  CVD",263.65,146.63535912,177.79915800000003,31.16,21.25,"S30","dense","medium","null","largeDelta"
"1.52ct asscher_standard D/VS1  CVD",173.29,145.67695808,176.16496,30.49,20.93,"S30","dense","medium","null","largeDelta"
